<BEGIN>;;;;;;;;;;;;;;;;;;;;;;
ID;Name;Trajectory;Step 0 (MW);Step 1 (MW);Step 2 (MW);Step 3 (MW);Step 4 (MW);Step 5 (MW);Step 6 (MW);Step 7 (MW);Step 8 (MW);Step 9 (MW);Step 10 (MW);Step 11 (MW);Step 12 (MW);Step 13 (MW);Step 14 (MW);Step 15 (MW);Step 16 (MW);Step 17 (MW);Step 18 (MW);Step 19 (MW)
1;g1;Start-up;;;;;;;;;;;;;;;;;;;;
1;g1;Shut-down;;;;;;;;;;;;;;;;;;;;
2;g2;Start-up;;;;;;;;;;;;;;;;;;;;
2;g2;Shut-down;;;;;;;;;;;;;;;;;;;;
3;g3;Start-up;;;;;;;;;;;;;;;;;;;;
3;g3;Shut-down;;;;;;;;;;;;;;;;;;;;
4;g4;Start-up;;;;;;;;;;;;;;;;;;;;
4;g4;Shut-down;;;;;;;;;;;;;;;;;;;;
5;g5;Start-up;;;;;;;;;;;;;;;;;;;;
5;g5;Shut-down;;;;;;;;;;;;;;;;;;;;
6;g6;Start-up;;;;;;;;;;;;;;;;;;;;
6;g6;Shut-down;;;;;;;;;;;;;;;;;;;;
7;g7;Start-up;;;;;;;;;;;;;;;;;;;;
7;g7;Shut-down;;;;;;;;;;;;;;;;;;;;
8;g8;Start-up;;;;;;;;;;;;;;;;;;;;
8;g8;Shut-down;;;;;;;;;;;;;;;;;;;;
9;g9;Start-up;;;;;;;;;;;;;;;;;;;;
9;g9;Shut-down;;;;;;;;;;;;;;;;;;;;
10;g10;Start-up;;;;;;;;;;;;;;;;;;;;
10;g10;Shut-down;;;;;;;;;;;;;;;;;;;;
11;g11;Start-up;;;;;;;;;;;;;;;;;;;;
11;g11;Shut-down;;;;;;;;;;;;;;;;;;;;
12;g12;Start-up;;;;;;;;;;;;;;;;;;;;
12;g12;Shut-down;;;;;;;;;;;;;;;;;;;;
13;g13;Start-up;;;;;;;;;;;;;;;;;;;;
13;g13;Shut-down;;;;;;;;;;;;;;;;;;;;
14;g14;Start-up;;;;;;;;;;;;;;;;;;;;
14;g14;Shut-down;;;;;;;;;;;;;;;;;;;;
15;g15;Start-up;;;;;;;;;;;;;;;;;;;;
15;g15;Shut-down;;;;;;;;;;;;;;;;;;;;
16;g16;Start-up;;;;;;;;;;;;;;;;;;;;
16;g16;Shut-down;;;;;;;;;;;;;;;;;;;;
17;g17;Start-up;;;;;;;;;;;;;;;;;;;;
17;g17;Shut-down;;;;;;;;;;;;;;;;;;;;
18;g18;Start-up;;;;;;;;;;;;;;;;;;;;
18;g18;Shut-down;;;;;;;;;;;;;;;;;;;;
19;g19;Start-up;;;;;;;;;;;;;;;;;;;;
19;g19;Shut-down;;;;;;;;;;;;;;;;;;;;
20;g20;Start-up;;;;;;;;;;;;;;;;;;;;
20;g20;Shut-down;;;;;;;;;;;;;;;;;;;;
21;g21;Start-up;;;;;;;;;;;;;;;;;;;;
21;g21;Shut-down;;;;;;;;;;;;;;;;;;;;
22;g22;Start-up;;;;;;;;;;;;;;;;;;;;
22;g22;Shut-down;;;;;;;;;;;;;;;;;;;;
23;g23;Start-up;;;;;;;;;;;;;;;;;;;;
23;g23;Shut-down;;;;;;;;;;;;;;;;;;;;
24;g24;Start-up;;;;;;;;;;;;;;;;;;;;
24;g24;Shut-down;;;;;;;;;;;;;;;;;;;;
25;g25;Start-up;;;;;;;;;;;;;;;;;;;;
25;g25;Shut-down;;;;;;;;;;;;;;;;;;;;
26;g26;Start-up;;;;;;;;;;;;;;;;;;;;
26;g26;Shut-down;;;;;;;;;;;;;;;;;;;;
27;g27;Start-up;;;;;;;;;;;;;;;;;;;;
27;g27;Shut-down;;;;;;;;;;;;;;;;;;;;
28;g28;Start-up;;;;;;;;;;;;;;;;;;;;
28;g28;Shut-down;;;;;;;;;;;;;;;;;;;;
29;g29;Start-up;;;;;;;;;;;;;;;;;;;;
29;g29;Shut-down;;;;;;;;;;;;;;;;;;;;
30;g30;Start-up;;;;;;;;;;;;;;;;;;;;
30;g30;Shut-down;;;;;;;;;;;;;;;;;;;;
31;g31;Start-up;;;;;;;;;;;;;;;;;;;;
31;g31;Shut-down;;;;;;;;;;;;;;;;;;;;
32;g32;Start-up;;;;;;;;;;;;;;;;;;;;
32;g32;Shut-down;;;;;;;;;;;;;;;;;;;;
33;g33;Start-up;;;;;;;;;;;;;;;;;;;;
33;g33;Shut-down;;;;;;;;;;;;;;;;;;;;
34;g34;Start-up;;;;;;;;;;;;;;;;;;;;
34;g34;Shut-down;;;;;;;;;;;;;;;;;;;;
35;g35;Start-up;;;;;;;;;;;;;;;;;;;;
35;g35;Shut-down;;;;;;;;;;;;;;;;;;;;
36;g36;Start-up;;;;;;;;;;;;;;;;;;;;
36;g36;Shut-down;;;;;;;;;;;;;;;;;;;;
37;g37;Start-up;;;;;;;;;;;;;;;;;;;;
37;g37;Shut-down;;;;;;;;;;;;;;;;;;;;
38;g38;Start-up;;;;;;;;;;;;;;;;;;;;
38;g38;Shut-down;;;;;;;;;;;;;;;;;;;;
39;g39;Start-up;;;;;;;;;;;;;;;;;;;;
39;g39;Shut-down;;;;;;;;;;;;;;;;;;;;
40;g40;Start-up;;;;;;;;;;;;;;;;;;;;
40;g40;Shut-down;;;;;;;;;;;;;;;;;;;;
41;g41;Start-up;;;;;;;;;;;;;;;;;;;;
41;g41;Shut-down;;;;;;;;;;;;;;;;;;;;
42;g42;Start-up;;;;;;;;;;;;;;;;;;;;
42;g42;Shut-down;;;;;;;;;;;;;;;;;;;;
43;g43;Start-up;;;;;;;;;;;;;;;;;;;;
43;g43;Shut-down;;;;;;;;;;;;;;;;;;;;
44;g44;Start-up;;;;;;;;;;;;;;;;;;;;
44;g44;Shut-down;;;;;;;;;;;;;;;;;;;;
45;g45;Start-up;;;;;;;;;;;;;;;;;;;;
45;g45;Shut-down;;;;;;;;;;;;;;;;;;;;
46;g46;Start-up;;;;;;;;;;;;;;;;;;;;
46;g46;Shut-down;;;;;;;;;;;;;;;;;;;;
47;g47;Start-up;;;;;;;;;;;;;;;;;;;;
47;g47;Shut-down;;;;;;;;;;;;;;;;;;;;
48;g48;Start-up;;;;;;;;;;;;;;;;;;;;
48;g48;Shut-down;;;;;;;;;;;;;;;;;;;;
49;g49;Start-up;;;;;;;;;;;;;;;;;;;;
49;g49;Shut-down;;;;;;;;;;;;;;;;;;;;
50;g50;Start-up;;;;;;;;;;;;;;;;;;;;
50;g50;Shut-down;;;;;;;;;;;;;;;;;;;;
51;g51;Start-up;;;;;;;;;;;;;;;;;;;;
51;g51;Shut-down;;;;;;;;;;;;;;;;;;;;
52;g52;Start-up;;;;;;;;;;;;;;;;;;;;
52;g52;Shut-down;;;;;;;;;;;;;;;;;;;;
53;g53;Start-up;;;;;;;;;;;;;;;;;;;;
53;g53;Shut-down;;;;;;;;;;;;;;;;;;;;
54;g54;Start-up;;;;;;;;;;;;;;;;;;;;
54;g54;Shut-down;;;;;;;;;;;;;;;;;;;;
55;g55;Start-up;;;;;;;;;;;;;;;;;;;;
55;g55;Shut-down;;;;;;;;;;;;;;;;;;;;
56;g56;Start-up;;;;;;;;;;;;;;;;;;;;
56;g56;Shut-down;;;;;;;;;;;;;;;;;;;;
57;g57;Start-up;;;;;;;;;;;;;;;;;;;;
57;g57;Shut-down;;;;;;;;;;;;;;;;;;;;
58;g58;Start-up;;;;;;;;;;;;;;;;;;;;
58;g58;Shut-down;;;;;;;;;;;;;;;;;;;;
59;g59;Start-up;;;;;;;;;;;;;;;;;;;;
59;g59;Shut-down;;;;;;;;;;;;;;;;;;;;
60;g60;Start-up;;;;;;;;;;;;;;;;;;;;
60;g60;Shut-down;;;;;;;;;;;;;;;;;;;;
61;g61;Start-up;;;;;;;;;;;;;;;;;;;;
61;g61;Shut-down;;;;;;;;;;;;;;;;;;;;
62;g62;Start-up;;;;;;;;;;;;;;;;;;;;
62;g62;Shut-down;;;;;;;;;;;;;;;;;;;;
63;g63;Start-up;;;;;;;;;;;;;;;;;;;;
63;g63;Shut-down;;;;;;;;;;;;;;;;;;;;
64;g64;Start-up;;;;;;;;;;;;;;;;;;;;
64;g64;Shut-down;;;;;;;;;;;;;;;;;;;;
65;g65;Start-up;;;;;;;;;;;;;;;;;;;;
65;g65;Shut-down;;;;;;;;;;;;;;;;;;;;
66;g66;Start-up;;;;;;;;;;;;;;;;;;;;
66;g66;Shut-down;;;;;;;;;;;;;;;;;;;;
67;g67;Start-up;;;;;;;;;;;;;;;;;;;;
67;g67;Shut-down;;;;;;;;;;;;;;;;;;;;
68;g68;Start-up;;;;;;;;;;;;;;;;;;;;
68;g68;Shut-down;;;;;;;;;;;;;;;;;;;;
69;g69;Start-up;;;;;;;;;;;;;;;;;;;;
69;g69;Shut-down;;;;;;;;;;;;;;;;;;;;
70;g70;Start-up;;;;;;;;;;;;;;;;;;;;
70;g70;Shut-down;;;;;;;;;;;;;;;;;;;;
71;g71;Start-up;;;;;;;;;;;;;;;;;;;;
71;g71;Shut-down;;;;;;;;;;;;;;;;;;;;
72;g72;Start-up;;;;;;;;;;;;;;;;;;;;
72;g72;Shut-down;;;;;;;;;;;;;;;;;;;;
73;g73;Start-up;;;;;;;;;;;;;;;;;;;;
73;g73;Shut-down;;;;;;;;;;;;;;;;;;;;
74;g74;Start-up;;;;;;;;;;;;;;;;;;;;
74;g74;Shut-down;;;;;;;;;;;;;;;;;;;;
75;g75;Start-up;;;;;;;;;;;;;;;;;;;;
75;g75;Shut-down;;;;;;;;;;;;;;;;;;;;
76;g76;Start-up;;;;;;;;;;;;;;;;;;;;
76;g76;Shut-down;;;;;;;;;;;;;;;;;;;;
77;g77;Start-up;;;;;;;;;;;;;;;;;;;;
77;g77;Shut-down;;;;;;;;;;;;;;;;;;;;
78;g78;Start-up;;;;;;;;;;;;;;;;;;;;
78;g78;Shut-down;;;;;;;;;;;;;;;;;;;;
79;g79;Start-up;;;;;;;;;;;;;;;;;;;;
79;g79;Shut-down;;;;;;;;;;;;;;;;;;;;
80;g80;Start-up;;;;;;;;;;;;;;;;;;;;
80;g80;Shut-down;;;;;;;;;;;;;;;;;;;;
81;g81;Start-up;;;;;;;;;;;;;;;;;;;;
81;g81;Shut-down;;;;;;;;;;;;;;;;;;;;
82;g82;Start-up;;;;;;;;;;;;;;;;;;;;
82;g82;Shut-down;;;;;;;;;;;;;;;;;;;;
83;g83;Start-up;;;;;;;;;;;;;;;;;;;;
83;g83;Shut-down;;;;;;;;;;;;;;;;;;;;
84;g84;Start-up;;;;;;;;;;;;;;;;;;;;
84;g84;Shut-down;;;;;;;;;;;;;;;;;;;;
85;g85;Start-up;;;;;;;;;;;;;;;;;;;;
85;g85;Shut-down;;;;;;;;;;;;;;;;;;;;
86;g86;Start-up;;;;;;;;;;;;;;;;;;;;
86;g86;Shut-down;;;;;;;;;;;;;;;;;;;;
87;g87;Start-up;;;;;;;;;;;;;;;;;;;;
87;g87;Shut-down;;;;;;;;;;;;;;;;;;;;
88;g88;Start-up;;;;;;;;;;;;;;;;;;;;
88;g88;Shut-down;;;;;;;;;;;;;;;;;;;;
89;g89;Start-up;;;;;;;;;;;;;;;;;;;;
89;g89;Shut-down;;;;;;;;;;;;;;;;;;;;
90;g90;Start-up;;;;;;;;;;;;;;;;;;;;
90;g90;Shut-down;;;;;;;;;;;;;;;;;;;;
91;g91;Start-up;;;;;;;;;;;;;;;;;;;;
91;g91;Shut-down;;;;;;;;;;;;;;;;;;;;
92;g92;Start-up;;;;;;;;;;;;;;;;;;;;
92;g92;Shut-down;;;;;;;;;;;;;;;;;;;;
93;g93;Start-up;;;;;;;;;;;;;;;;;;;;
93;g93;Shut-down;;;;;;;;;;;;;;;;;;;;
94;g94;Start-up;;;;;;;;;;;;;;;;;;;;
94;g94;Shut-down;;;;;;;;;;;;;;;;;;;;
95;g95;Start-up;;;;;;;;;;;;;;;;;;;;
95;g95;Shut-down;;;;;;;;;;;;;;;;;;;;
96;g96;Start-up;;;;;;;;;;;;;;;;;;;;
96;g96;Shut-down;;;;;;;;;;;;;;;;;;;;
97;g97;Start-up;;;;;;;;;;;;;;;;;;;;
97;g97;Shut-down;;;;;;;;;;;;;;;;;;;;
98;g98;Start-up;;;;;;;;;;;;;;;;;;;;
98;g98;Shut-down;;;;;;;;;;;;;;;;;;;;
99;g99;Start-up;;;;;;;;;;;;;;;;;;;;
99;g99;Shut-down;;;;;;;;;;;;;;;;;;;;
100;g100;Start-up;;;;;;;;;;;;;;;;;;;;
100;g100;Shut-down;;;;;;;;;;;;;;;;;;;;
101;g101;Start-up;;;;;;;;;;;;;;;;;;;;
101;g101;Shut-down;;;;;;;;;;;;;;;;;;;;
102;g102;Start-up;;;;;;;;;;;;;;;;;;;;
102;g102;Shut-down;;;;;;;;;;;;;;;;;;;;
103;g103;Start-up;;;;;;;;;;;;;;;;;;;;
103;g103;Shut-down;;;;;;;;;;;;;;;;;;;;
104;g104;Start-up;;;;;;;;;;;;;;;;;;;;
104;g104;Shut-down;;;;;;;;;;;;;;;;;;;;
105;g105;Start-up;;;;;;;;;;;;;;;;;;;;
105;g105;Shut-down;;;;;;;;;;;;;;;;;;;;
106;g106;Start-up;;;;;;;;;;;;;;;;;;;;
106;g106;Shut-down;;;;;;;;;;;;;;;;;;;;
107;g107;Start-up;;;;;;;;;;;;;;;;;;;;
107;g107;Shut-down;;;;;;;;;;;;;;;;;;;;
108;g108;Start-up;;;;;;;;;;;;;;;;;;;;
108;g108;Shut-down;;;;;;;;;;;;;;;;;;;;
109;g109;Start-up;;;;;;;;;;;;;;;;;;;;
109;g109;Shut-down;;;;;;;;;;;;;;;;;;;;
110;g110;Start-up;;;;;;;;;;;;;;;;;;;;
110;g110;Shut-down;;;;;;;;;;;;;;;;;;;;
111;g111;Start-up;;;;;;;;;;;;;;;;;;;;
111;g111;Shut-down;;;;;;;;;;;;;;;;;;;;
112;g112;Start-up;;;;;;;;;;;;;;;;;;;;
112;g112;Shut-down;;;;;;;;;;;;;;;;;;;;
113;g113;Start-up;;;;;;;;;;;;;;;;;;;;
113;g113;Shut-down;;;;;;;;;;;;;;;;;;;;
114;g114;Start-up;;;;;;;;;;;;;;;;;;;;
114;g114;Shut-down;;;;;;;;;;;;;;;;;;;;
115;g115;Start-up;;;;;;;;;;;;;;;;;;;;
115;g115;Shut-down;;;;;;;;;;;;;;;;;;;;
116;g116;Start-up;;;;;;;;;;;;;;;;;;;;
116;g116;Shut-down;;;;;;;;;;;;;;;;;;;;
117;g117;Start-up;;;;;;;;;;;;;;;;;;;;
117;g117;Shut-down;;;;;;;;;;;;;;;;;;;;
118;g118;Start-up;;;;;;;;;;;;;;;;;;;;
118;g118;Shut-down;;;;;;;;;;;;;;;;;;;;
119;g119;Start-up;;;;;;;;;;;;;;;;;;;;
119;g119;Shut-down;;;;;;;;;;;;;;;;;;;;
120;g120;Start-up;;;;;;;;;;;;;;;;;;;;
120;g120;Shut-down;;;;;;;;;;;;;;;;;;;;
121;g121;Start-up;;;;;;;;;;;;;;;;;;;;
121;g121;Shut-down;;;;;;;;;;;;;;;;;;;;
122;g122;Start-up;;;;;;;;;;;;;;;;;;;;
122;g122;Shut-down;;;;;;;;;;;;;;;;;;;;
123;g123;Start-up;;;;;;;;;;;;;;;;;;;;
123;g123;Shut-down;;;;;;;;;;;;;;;;;;;;
124;g124;Start-up;;;;;;;;;;;;;;;;;;;;
124;g124;Shut-down;;;;;;;;;;;;;;;;;;;;
125;g125;Start-up;;;;;;;;;;;;;;;;;;;;
125;g125;Shut-down;;;;;;;;;;;;;;;;;;;;
126;g126;Start-up;;;;;;;;;;;;;;;;;;;;
126;g126;Shut-down;;;;;;;;;;;;;;;;;;;;
127;g127;Start-up;;;;;;;;;;;;;;;;;;;;
127;g127;Shut-down;;;;;;;;;;;;;;;;;;;;
128;g128;Start-up;;;;;;;;;;;;;;;;;;;;
128;g128;Shut-down;;;;;;;;;;;;;;;;;;;;
129;g129;Start-up;;;;;;;;;;;;;;;;;;;;
129;g129;Shut-down;;;;;;;;;;;;;;;;;;;;
130;g130;Start-up;;;;;;;;;;;;;;;;;;;;
130;g130;Shut-down;;;;;;;;;;;;;;;;;;;;
131;g131;Start-up;;;;;;;;;;;;;;;;;;;;
131;g131;Shut-down;;;;;;;;;;;;;;;;;;;;
132;g132;Start-up;;;;;;;;;;;;;;;;;;;;
132;g132;Shut-down;;;;;;;;;;;;;;;;;;;;
133;g133;Start-up;;;;;;;;;;;;;;;;;;;;
133;g133;Shut-down;;;;;;;;;;;;;;;;;;;;
134;g134;Start-up;;;;;;;;;;;;;;;;;;;;
134;g134;Shut-down;;;;;;;;;;;;;;;;;;;;
135;g135;Start-up;;;;;;;;;;;;;;;;;;;;
135;g135;Shut-down;;;;;;;;;;;;;;;;;;;;
136;g136;Start-up;;;;;;;;;;;;;;;;;;;;
136;g136;Shut-down;;;;;;;;;;;;;;;;;;;;
137;g137;Start-up;;;;;;;;;;;;;;;;;;;;
137;g137;Shut-down;;;;;;;;;;;;;;;;;;;;
138;g138;Start-up;;;;;;;;;;;;;;;;;;;;
138;g138;Shut-down;;;;;;;;;;;;;;;;;;;;
139;g139;Start-up;;;;;;;;;;;;;;;;;;;;
139;g139;Shut-down;;;;;;;;;;;;;;;;;;;;
140;g140;Start-up;;;;;;;;;;;;;;;;;;;;
140;g140;Shut-down;;;;;;;;;;;;;;;;;;;;
141;g141;Start-up;;;;;;;;;;;;;;;;;;;;
141;g141;Shut-down;;;;;;;;;;;;;;;;;;;;
142;g142;Start-up;;;;;;;;;;;;;;;;;;;;
142;g142;Shut-down;;;;;;;;;;;;;;;;;;;;
143;g143;Start-up;;;;;;;;;;;;;;;;;;;;
143;g143;Shut-down;;;;;;;;;;;;;;;;;;;;
144;g144;Start-up;;;;;;;;;;;;;;;;;;;;
144;g144;Shut-down;;;;;;;;;;;;;;;;;;;;
145;g145;Start-up;;;;;;;;;;;;;;;;;;;;
145;g145;Shut-down;;;;;;;;;;;;;;;;;;;;
146;g146;Start-up;;;;;;;;;;;;;;;;;;;;
146;g146;Shut-down;;;;;;;;;;;;;;;;;;;;
147;g147;Start-up;;;;;;;;;;;;;;;;;;;;
147;g147;Shut-down;;;;;;;;;;;;;;;;;;;;
148;g148;Start-up;;;;;;;;;;;;;;;;;;;;
148;g148;Shut-down;;;;;;;;;;;;;;;;;;;;
149;g149;Start-up;;;;;;;;;;;;;;;;;;;;
149;g149;Shut-down;;;;;;;;;;;;;;;;;;;;
150;g150;Start-up;;;;;;;;;;;;;;;;;;;;
150;g150;Shut-down;;;;;;;;;;;;;;;;;;;;
151;g151;Start-up;;;;;;;;;;;;;;;;;;;;
151;g151;Shut-down;;;;;;;;;;;;;;;;;;;;
152;g152;Start-up;;;;;;;;;;;;;;;;;;;;
152;g152;Shut-down;;;;;;;;;;;;;;;;;;;;
153;g153;Start-up;;;;;;;;;;;;;;;;;;;;
153;g153;Shut-down;;;;;;;;;;;;;;;;;;;;
154;g154;Start-up;;;;;;;;;;;;;;;;;;;;
154;g154;Shut-down;;;;;;;;;;;;;;;;;;;;
155;g155;Start-up;;;;;;;;;;;;;;;;;;;;
155;g155;Shut-down;;;;;;;;;;;;;;;;;;;;
156;g156;Start-up;;;;;;;;;;;;;;;;;;;;
156;g156;Shut-down;;;;;;;;;;;;;;;;;;;;
157;g157;Start-up;;;;;;;;;;;;;;;;;;;;
157;g157;Shut-down;;;;;;;;;;;;;;;;;;;;
158;g158;Start-up;;;;;;;;;;;;;;;;;;;;
158;g158;Shut-down;;;;;;;;;;;;;;;;;;;;
159;g159;Start-up;;;;;;;;;;;;;;;;;;;;
159;g159;Shut-down;;;;;;;;;;;;;;;;;;;;
160;g160;Start-up;;;;;;;;;;;;;;;;;;;;
160;g160;Shut-down;;;;;;;;;;;;;;;;;;;;
161;g161;Start-up;;;;;;;;;;;;;;;;;;;;
161;g161;Shut-down;;;;;;;;;;;;;;;;;;;;
162;g162;Start-up;;;;;;;;;;;;;;;;;;;;
162;g162;Shut-down;;;;;;;;;;;;;;;;;;;;
163;g163;Start-up;;;;;;;;;;;;;;;;;;;;
163;g163;Shut-down;;;;;;;;;;;;;;;;;;;;
164;g164;Start-up;;;;;;;;;;;;;;;;;;;;
164;g164;Shut-down;;;;;;;;;;;;;;;;;;;;
165;g165;Start-up;;;;;;;;;;;;;;;;;;;;
165;g165;Shut-down;;;;;;;;;;;;;;;;;;;;
166;g166;Start-up;;;;;;;;;;;;;;;;;;;;
166;g166;Shut-down;;;;;;;;;;;;;;;;;;;;
167;g167;Start-up;;;;;;;;;;;;;;;;;;;;
167;g167;Shut-down;;;;;;;;;;;;;;;;;;;;
168;g168;Start-up;;;;;;;;;;;;;;;;;;;;
168;g168;Shut-down;;;;;;;;;;;;;;;;;;;;
169;g169;Start-up;;;;;;;;;;;;;;;;;;;;
169;g169;Shut-down;;;;;;;;;;;;;;;;;;;;
170;g170;Start-up;;;;;;;;;;;;;;;;;;;;
170;g170;Shut-down;;;;;;;;;;;;;;;;;;;;
171;g171;Start-up;;;;;;;;;;;;;;;;;;;;
171;g171;Shut-down;;;;;;;;;;;;;;;;;;;;
172;g172;Start-up;;;;;;;;;;;;;;;;;;;;
172;g172;Shut-down;;;;;;;;;;;;;;;;;;;;
173;g173;Start-up;;;;;;;;;;;;;;;;;;;;
173;g173;Shut-down;;;;;;;;;;;;;;;;;;;;
174;g174;Start-up;;;;;;;;;;;;;;;;;;;;
174;g174;Shut-down;;;;;;;;;;;;;;;;;;;;
175;g175;Start-up;;;;;;;;;;;;;;;;;;;;
175;g175;Shut-down;;;;;;;;;;;;;;;;;;;;
176;g176;Start-up;;;;;;;;;;;;;;;;;;;;
176;g176;Shut-down;;;;;;;;;;;;;;;;;;;;
177;g177;Start-up;;;;;;;;;;;;;;;;;;;;
177;g177;Shut-down;;;;;;;;;;;;;;;;;;;;
178;g178;Start-up;;;;;;;;;;;;;;;;;;;;
178;g178;Shut-down;;;;;;;;;;;;;;;;;;;;
179;g179;Start-up;;;;;;;;;;;;;;;;;;;;
179;g179;Shut-down;;;;;;;;;;;;;;;;;;;;
180;g180;Start-up;;;;;;;;;;;;;;;;;;;;
180;g180;Shut-down;;;;;;;;;;;;;;;;;;;;
181;g181;Start-up;;;;;;;;;;;;;;;;;;;;
181;g181;Shut-down;;;;;;;;;;;;;;;;;;;;
182;g182;Start-up;;;;;;;;;;;;;;;;;;;;
182;g182;Shut-down;;;;;;;;;;;;;;;;;;;;
183;g183;Start-up;;;;;;;;;;;;;;;;;;;;
183;g183;Shut-down;;;;;;;;;;;;;;;;;;;;
184;g184;Start-up;;;;;;;;;;;;;;;;;;;;
184;g184;Shut-down;;;;;;;;;;;;;;;;;;;;
185;g185;Start-up;;;;;;;;;;;;;;;;;;;;
185;g185;Shut-down;;;;;;;;;;;;;;;;;;;;
186;g186;Start-up;;;;;;;;;;;;;;;;;;;;
186;g186;Shut-down;;;;;;;;;;;;;;;;;;;;
187;g187;Start-up;;;;;;;;;;;;;;;;;;;;
187;g187;Shut-down;;;;;;;;;;;;;;;;;;;;
188;g188;Start-up;;;;;;;;;;;;;;;;;;;;
188;g188;Shut-down;;;;;;;;;;;;;;;;;;;;
189;g189;Start-up;;;;;;;;;;;;;;;;;;;;
189;g189;Shut-down;;;;;;;;;;;;;;;;;;;;
190;g190;Start-up;;;;;;;;;;;;;;;;;;;;
190;g190;Shut-down;;;;;;;;;;;;;;;;;;;;
191;g191;Start-up;;;;;;;;;;;;;;;;;;;;
191;g191;Shut-down;;;;;;;;;;;;;;;;;;;;
192;g192;Start-up;;;;;;;;;;;;;;;;;;;;
192;g192;Shut-down;;;;;;;;;;;;;;;;;;;;
193;g193;Start-up;;;;;;;;;;;;;;;;;;;;
193;g193;Shut-down;;;;;;;;;;;;;;;;;;;;
194;g194;Start-up;;;;;;;;;;;;;;;;;;;;
194;g194;Shut-down;;;;;;;;;;;;;;;;;;;;
195;g195;Start-up;;;;;;;;;;;;;;;;;;;;
195;g195;Shut-down;;;;;;;;;;;;;;;;;;;;
196;g196;Start-up;;;;;;;;;;;;;;;;;;;;
196;g196;Shut-down;;;;;;;;;;;;;;;;;;;;
197;g197;Start-up;;;;;;;;;;;;;;;;;;;;
197;g197;Shut-down;;;;;;;;;;;;;;;;;;;;
198;g198;Start-up;;;;;;;;;;;;;;;;;;;;
198;g198;Shut-down;;;;;;;;;;;;;;;;;;;;
199;g199;Start-up;;;;;;;;;;;;;;;;;;;;
199;g199;Shut-down;;;;;;;;;;;;;;;;;;;;
200;g200;Start-up;;;;;;;;;;;;;;;;;;;;
200;g200;Shut-down;;;;;;;;;;;;;;;;;;;;
201;g201;Start-up;;;;;;;;;;;;;;;;;;;;
201;g201;Shut-down;;;;;;;;;;;;;;;;;;;;
202;g202;Start-up;;;;;;;;;;;;;;;;;;;;
202;g202;Shut-down;;;;;;;;;;;;;;;;;;;;
203;g203;Start-up;;;;;;;;;;;;;;;;;;;;
203;g203;Shut-down;;;;;;;;;;;;;;;;;;;;
204;g204;Start-up;;;;;;;;;;;;;;;;;;;;
204;g204;Shut-down;;;;;;;;;;;;;;;;;;;;
205;g205;Start-up;;;;;;;;;;;;;;;;;;;;
205;g205;Shut-down;;;;;;;;;;;;;;;;;;;;
206;g206;Start-up;;;;;;;;;;;;;;;;;;;;
206;g206;Shut-down;;;;;;;;;;;;;;;;;;;;
207;g207;Start-up;;;;;;;;;;;;;;;;;;;;
207;g207;Shut-down;;;;;;;;;;;;;;;;;;;;
208;g208;Start-up;;;;;;;;;;;;;;;;;;;;
208;g208;Shut-down;;;;;;;;;;;;;;;;;;;;
209;g209;Start-up;;;;;;;;;;;;;;;;;;;;
209;g209;Shut-down;;;;;;;;;;;;;;;;;;;;
210;g210;Start-up;;;;;;;;;;;;;;;;;;;;
210;g210;Shut-down;;;;;;;;;;;;;;;;;;;;
211;g211;Start-up;;;;;;;;;;;;;;;;;;;;
211;g211;Shut-down;;;;;;;;;;;;;;;;;;;;
212;g212;Start-up;;;;;;;;;;;;;;;;;;;;
212;g212;Shut-down;;;;;;;;;;;;;;;;;;;;
213;g213;Start-up;;;;;;;;;;;;;;;;;;;;
213;g213;Shut-down;;;;;;;;;;;;;;;;;;;;
214;g214;Start-up;;;;;;;;;;;;;;;;;;;;
214;g214;Shut-down;;;;;;;;;;;;;;;;;;;;
215;g215;Start-up;;;;;;;;;;;;;;;;;;;;
215;g215;Shut-down;;;;;;;;;;;;;;;;;;;;
216;g216;Start-up;;;;;;;;;;;;;;;;;;;;
216;g216;Shut-down;;;;;;;;;;;;;;;;;;;;
217;g217;Start-up;;;;;;;;;;;;;;;;;;;;
217;g217;Shut-down;;;;;;;;;;;;;;;;;;;;
218;g218;Start-up;;;;;;;;;;;;;;;;;;;;
218;g218;Shut-down;;;;;;;;;;;;;;;;;;;;
219;g219;Start-up;;;;;;;;;;;;;;;;;;;;
219;g219;Shut-down;;;;;;;;;;;;;;;;;;;;
220;g220;Start-up;;;;;;;;;;;;;;;;;;;;
220;g220;Shut-down;;;;;;;;;;;;;;;;;;;;
221;g221;Start-up;;;;;;;;;;;;;;;;;;;;
221;g221;Shut-down;;;;;;;;;;;;;;;;;;;;
222;g222;Start-up;;;;;;;;;;;;;;;;;;;;
222;g222;Shut-down;;;;;;;;;;;;;;;;;;;;
223;g223;Start-up;;;;;;;;;;;;;;;;;;;;
223;g223;Shut-down;;;;;;;;;;;;;;;;;;;;
224;g224;Start-up;;;;;;;;;;;;;;;;;;;;
224;g224;Shut-down;;;;;;;;;;;;;;;;;;;;
225;g225;Start-up;;;;;;;;;;;;;;;;;;;;
225;g225;Shut-down;;;;;;;;;;;;;;;;;;;;
226;g226;Start-up;;;;;;;;;;;;;;;;;;;;
226;g226;Shut-down;;;;;;;;;;;;;;;;;;;;
227;g227;Start-up;;;;;;;;;;;;;;;;;;;;
227;g227;Shut-down;;;;;;;;;;;;;;;;;;;;
228;g228;Start-up;;;;;;;;;;;;;;;;;;;;
228;g228;Shut-down;;;;;;;;;;;;;;;;;;;;
229;g229;Start-up;;;;;;;;;;;;;;;;;;;;
229;g229;Shut-down;;;;;;;;;;;;;;;;;;;;
230;g230;Start-up;;;;;;;;;;;;;;;;;;;;
230;g230;Shut-down;;;;;;;;;;;;;;;;;;;;
231;g231;Start-up;;;;;;;;;;;;;;;;;;;;
231;g231;Shut-down;;;;;;;;;;;;;;;;;;;;
232;g232;Start-up;;;;;;;;;;;;;;;;;;;;
232;g232;Shut-down;;;;;;;;;;;;;;;;;;;;
233;g233;Start-up;;;;;;;;;;;;;;;;;;;;
233;g233;Shut-down;;;;;;;;;;;;;;;;;;;;
234;g234;Start-up;;;;;;;;;;;;;;;;;;;;
234;g234;Shut-down;;;;;;;;;;;;;;;;;;;;
235;g235;Start-up;;;;;;;;;;;;;;;;;;;;
235;g235;Shut-down;;;;;;;;;;;;;;;;;;;;
236;g236;Start-up;;;;;;;;;;;;;;;;;;;;
236;g236;Shut-down;;;;;;;;;;;;;;;;;;;;
237;g237;Start-up;;;;;;;;;;;;;;;;;;;;
237;g237;Shut-down;;;;;;;;;;;;;;;;;;;;
238;g238;Start-up;;;;;;;;;;;;;;;;;;;;
238;g238;Shut-down;;;;;;;;;;;;;;;;;;;;
239;g239;Start-up;;;;;;;;;;;;;;;;;;;;
239;g239;Shut-down;;;;;;;;;;;;;;;;;;;;
240;g240;Start-up;;;;;;;;;;;;;;;;;;;;
240;g240;Shut-down;;;;;;;;;;;;;;;;;;;;
241;g241;Start-up;;;;;;;;;;;;;;;;;;;;
241;g241;Shut-down;;;;;;;;;;;;;;;;;;;;
242;g242;Start-up;;;;;;;;;;;;;;;;;;;;
242;g242;Shut-down;;;;;;;;;;;;;;;;;;;;
243;g243;Start-up;;;;;;;;;;;;;;;;;;;;
243;g243;Shut-down;;;;;;;;;;;;;;;;;;;;
244;g244;Start-up;;;;;;;;;;;;;;;;;;;;
244;g244;Shut-down;;;;;;;;;;;;;;;;;;;;
245;g245;Start-up;;;;;;;;;;;;;;;;;;;;
245;g245;Shut-down;;;;;;;;;;;;;;;;;;;;
246;g246;Start-up;;;;;;;;;;;;;;;;;;;;
246;g246;Shut-down;;;;;;;;;;;;;;;;;;;;
247;g247;Start-up;;;;;;;;;;;;;;;;;;;;
247;g247;Shut-down;;;;;;;;;;;;;;;;;;;;
248;g248;Start-up;;;;;;;;;;;;;;;;;;;;
248;g248;Shut-down;;;;;;;;;;;;;;;;;;;;
249;g249;Start-up;;;;;;;;;;;;;;;;;;;;
249;g249;Shut-down;;;;;;;;;;;;;;;;;;;;
250;g250;Start-up;;;;;;;;;;;;;;;;;;;;
250;g250;Shut-down;;;;;;;;;;;;;;;;;;;;
251;g251;Start-up;;;;;;;;;;;;;;;;;;;;
251;g251;Shut-down;;;;;;;;;;;;;;;;;;;;
252;g252;Start-up;;;;;;;;;;;;;;;;;;;;
252;g252;Shut-down;;;;;;;;;;;;;;;;;;;;
253;g253;Start-up;;;;;;;;;;;;;;;;;;;;
253;g253;Shut-down;;;;;;;;;;;;;;;;;;;;
254;g254;Start-up;;;;;;;;;;;;;;;;;;;;
254;g254;Shut-down;;;;;;;;;;;;;;;;;;;;
255;g255;Start-up;;;;;;;;;;;;;;;;;;;;
255;g255;Shut-down;;;;;;;;;;;;;;;;;;;;
256;g256;Start-up;;;;;;;;;;;;;;;;;;;;
256;g256;Shut-down;;;;;;;;;;;;;;;;;;;;
257;g257;Start-up;;;;;;;;;;;;;;;;;;;;
257;g257;Shut-down;;;;;;;;;;;;;;;;;;;;
258;g258;Start-up;;;;;;;;;;;;;;;;;;;;
258;g258;Shut-down;;;;;;;;;;;;;;;;;;;;
259;g259;Start-up;;;;;;;;;;;;;;;;;;;;
259;g259;Shut-down;;;;;;;;;;;;;;;;;;;;
260;g260;Start-up;;;;;;;;;;;;;;;;;;;;
260;g260;Shut-down;;;;;;;;;;;;;;;;;;;;
</END>;;;;;;;;;;;;;;;;;;;;;;
